time,analytic,euler,heun
0,150,150,150
0.1,148.756,148.75,148.756
0.2,147.525,147.512,147.525
0.3,146.306,146.287,146.306
0.4,145.099,145.075,145.099
0.5,143.904,143.874,143.904
0.6,142.721,142.685,142.721
0.7,141.549,141.508,141.549
0.8,140.39,140.343,140.39
0.9,139.241,139.19,139.242
1,138.105,138.048,138.105
1.1,136.979,136.917,136.979
1.2,135.865,135.798,135.865
1.3,134.762,134.69,134.762
1.4,133.67,133.593,133.67
1.5,132.588,132.507,132.589
1.6,131.518,131.432,131.518
1.7,130.458,130.368,130.458
1.8,129.409,129.314,129.409
1.9,128.37,128.271,128.37
2,127.341,127.238,127.342
2.1,126.323,126.216,126.323
2.2,125.315,125.204,125.315
2.3,124.317,124.202,124.317
2.4,123.328,123.21,123.329
2.5,122.35,122.228,122.351
2.6,121.381,121.255,121.382
2.7,120.422,120.293,120.423
2.8,119.473,119.34,119.473
2.9,118.533,118.397,118.533
3,117.602,117.463,117.603
3.1,116.681,116.538,116.681
3.2,115.769,115.623,115.769
3.3,114.865,114.716,114.866
3.4,113.971,113.819,113.972
3.5,113.086,112.931,113.087
3.6,112.21,112.052,112.21
3.7,111.342,111.181,111.342
3.8,110.483,110.319,110.483
3.9,109.632,109.466,109.633
4,108.79,108.621,108.791
4.1,107.956,107.785,107.957
4.2,107.131,106.957,107.131
4.3,106.314,106.138,106.314
4.4,105.505,105.326,105.505
4.5,104.704,104.523,104.704
4.6,103.91,103.728,103.911
4.7,103.125,102.941,103.126
4.8,102.348,102.161,102.349
4.9,101.578,101.39,101.579
5,100.816,100.626,100.817
5.1,100.062,99.8695,100.063
5.2,99.3151,99.1208,99.3157
5.3,98.5756,98.3796,98.5763
5.4,97.8435,97.6458,97.8442
5.5,97.1187,96.9193,97.1194
5.6,96.4011,96.2002,96.4018
5.7,95.6907,95.4881,95.6914
5.8,94.9873,94.7833,94.988
5.9,94.2909,94.0854,94.2916
6,93.6015,93.3946,93.6021
6.1,92.9189,92.7106,92.9196
6.2,92.2431,92.0335,92.2438
6.3,91.574,91.3632,91.5747
6.4,90.9116,90.6996,90.9123
6.5,90.2557,90.0426,90.2564
6.6,89.6064,89.3921,89.6071
6.7,88.9636,88.7482,88.9643
6.8,88.3271,88.1107,88.3278
6.9,87.697,87.4796,87.6977
7,87.0732,86.8548,87.0739
7.1,86.4555,86.2363,86.4563
7.2,85.844,85.6239,85.8448
7.3,85.2386,85.0177,85.2394
7.4,84.6392,84.4175,84.64
7.5,84.0458,83.8233,84.0466
7.6,83.4583,83.2351,83.459
7.7,82.8766,82.6527,82.8774
7.8,82.3008,82.0762,82.3015
7.9,81.7306,81.5055,81.7314
8,81.1661,80.9404,81.1669
8.1,80.6073,80.381,80.608
8.2,80.054,79.8272,80.0547
8.3,79.5062,79.2789,79.5069
8.4,78.9638,78.7361,78.9646
8.5,78.4269,78.1988,78.4276
8.6,77.8953,77.6668,77.896
8.7,77.3689,77.1401,77.3697
8.8,76.8479,76.6187,76.8486
8.9,76.332,76.1025,76.3327
9,75.8212,75.5915,75.822
9.1,75.3155,75.0856,75.3163
9.2,74.8149,74.5847,74.8156
9.3,74.3192,74.0889,74.32
9.4,73.8285,73.598,73.8293
9.5,73.3426,73.112,73.3434
9.6,72.8616,72.6309,72.8624
9.7,72.3854,72.1546,72.3862
9.8,71.9139,71.683,71.9147
9.9,71.4471,71.2162,71.4479
10,70.9849,70.754,70.9857
10.1,70.5274,70.2965,70.5281
10.2,70.0744,69.8435,70.0751
10.3,69.6259,69.3951,69.6266
10.4,69.1818,68.9512,69.1826
10.5,68.7422,68.5116,68.743
10.6,68.307,68.0765,68.3077
10.7,67.8761,67.6458,67.8768
10.8,67.4494,67.2193,67.4502
10.9,67.0271,66.7971,67.0278
11,66.6089,66.3791,66.6097
11.1,66.1949,65.9653,66.1956
11.2,65.785,65.5557,65.7857
11.3,65.3792,65.1501,65.3799
11.4,64.9774,64.7486,64.9781
11.5,64.5796,64.3511,64.5804
11.6,64.1858,63.9576,64.1865
11.7,63.7959,63.5681,63.7966
11.8,63.4098,63.1824,63.4106
11.9,63.0277,62.8006,63.0284
12,62.6493,62.4225,62.65
12.1,62.2747,62.0483,62.2754
12.2,61.9038,61.6778,61.9045
12.3,61.5366,61.3111,61.5373
12.4,61.173,60.948,61.1738
12.5,60.8131,60.5885,60.8139
12.6,60.4568,60.2326,60.4575
12.7,60.104,59.8803,60.1047
12.8,59.7547,59.5315,59.7554
12.9,59.4088,59.1861,59.4096
13,59.0665,58.8443,59.0672
13.1,58.7275,58.5058,58.7282
13.2,58.3919,58.1708,58.3927
13.3,58.0597,57.8391,58.0604
13.4,57.7307,57.5107,57.7314
13.5,57.405,57.1856,57.4058
13.6,57.0826,56.8637,57.0833
13.7,56.7634,56.5451,56.7641
13.8,56.4473,56.2296,56.448
13.9,56.1344,55.9173,56.1351
14,55.8246,55.6082,55.8253
14.1,55.5179,55.3021,55.5186
14.2,55.2143,54.9991,55.215
14.3,54.9136,54.6991,54.9143
14.4,54.616,54.4021,54.6167
14.5,54.3213,54.1081,54.322
14.6,54.0295,53.817,54.0302
14.7,53.7407,53.5288,53.7414
14.8,53.4547,53.2435,53.4554
14.9,53.1716,52.9611,53.1723
15,52.8913,52.6815,52.892
15.1,52.6137,52.4047,52.6144
15.2,52.339,52.1306,52.3397
15.3,52.067,51.8593,52.0677
15.4,51.7976,51.5907,51.7983
15.5,51.531,51.3248,51.5317
15.6,51.267,51.0616,51.2677
15.7,51.0056,50.8009,51.0063
15.8,50.7469,50.5429,50.7476
15.9,50.4907,50.2875,50.4914
16,50.2371,50.0346,50.2377
16.1,49.986,49.7843,49.9866
16.2,49.7373,49.5364,49.738
16.3,49.4912,49.2911,49.4919
16.4,49.2475,49.0482,49.2482
16.5,49.0062,48.8077,49.0069
16.6,48.7674,48.5696,48.768
16.7,48.5309,48.3339,48.5315
16.8,48.2967,48.1006,48.2974
16.9,48.0649,47.8696,48.0656
17,47.8354,47.6409,47.8361
17.1,47.6082,47.4145,47.6089
17.2,47.3833,47.1903,47.3839
17.3,47.1606,46.9684,47.1612
17.4,46.9401,46.7487,46.9407
17.5,46.7217,46.5312,46.7224
17.6,46.5056,46.3159,46.5062
17.7,46.2916,46.1028,46.2923
17.8,46.0798,45.8917,46.0804
17.9,45.87,45.6828,45.8706
18,45.6624,45.476,45.663
18.1,45.4568,45.2712,45.4574
18.2,45.2532,45.0685,45.2538
18.3,45.0517,44.8678,45.0523
18.4,44.8522,44.6692,44.8528
18.5,44.6546,44.4725,44.6553
18.6,44.4591,44.2777,44.4597
18.7,44.2655,44.085,44.2661
18.8,44.0738,43.8941,44.0744
18.9,43.884,43.7052,43.8846
19,43.6961,43.5181,43.6967
19.1,43.51,43.3329,43.5106
19.2,43.3259,43.1496,43.3265
19.3,43.1435,42.9681,43.1441
19.4,42.963,42.7884,42.9636
19.5,42.7843,42.6106,42.7848
19.6,42.6073,42.4344,42.6079
19.7,42.4321,42.2601,42.4327
19.8,42.2587,42.0875,42.2592
19.9,42.0869,41.9166,42.0875
20,41.9169,41.7475,41.9175
20.1,41.7486,41.58,41.7491
20.2,41.5819,41.4142,41.5825
20.3,41.4169,41.25,41.4175
20.4,41.2536,41.0875,41.2541
20.5,41.0919,40.9267,41.0924
20.6,40.9317,40.7674,40.9323
20.7,40.7732,40.6097,40.7738
20.8,40.6163,40.4536,40.6168
20.9,40.4609,40.2991,40.4614
21,40.3071,40.1461,40.3076
21.1,40.1547,39.9946,40.1553
21.2,40.004,39.8447,40.0045
21.3,39.8547,39.6962,39.8552
21.4,39.7069,39.5493,39.7074
21.5,39.5605,39.4038,39.561
21.6,39.4156,39.2598,39.4162
21.7,39.2722,39.1172,39.2727
21.8,39.1302,38.976,39.1307
21.9,38.9896,38.8362,38.9901
22,38.8504,38.6979,38.8509
22.1,38.7126,38.5609,38.7131
22.2,38.5761,38.4253,38.5766
22.3,38.4411,38.291,38.4416
22.4,38.3073,38.1581,38.3078
22.5,38.1749,38.0265,38.1754
22.6,38.0438,37.8963,38.0443
22.7,37.914,37.7673,37.9145
22.8,37.7855,37.6396,37.786
22.9,37.6583,37.5132,37.6588
23,37.5324,37.3881,37.5328
23.1,37.4077,37.2642,37.4081
23.2,37.2842,37.1416,37.2847
23.3,37.162,37.0202,37.1624
23.4,37.041,36.9,37.0414
23.5,36.9211,36.781,36.9216
23.6,36.8025,36.6632,36.803
23.7,36.6851,36.5465,36.6856
23.8,36.5688,36.4311,36.5693
23.9,36.4537,36.3167,36.4542
24,36.3397,36.2036,36.3402
24.1,36.2269,36.0915,36.2274
24.2,36.1152,35.9806,36.1157
24.3,36.0046,35.8708,36.0051
24.4,35.8951,35.7621,35.8956
24.5,35.7867,35.6545,35.7871
24.6,35.6794,35.5479,35.6798
24.7,35.5731,35.4425,35.5735
24.8,35.4679,35.338,35.4683
24.9,35.3637,35.2347,35.3642
25,35.2606,35.1323,35.2611
25.1,35.1585,35.031,35.159
25.2,35.0575,34.9307,35.0579
25.3,34.9574,34.8314,34.9578
25.4,34.8583,34.7331,34.8587
25.5,34.7602,34.6357,34.7606
25.6,34.6631,34.5394,34.6635
25.7,34.5669,34.444,34.5674
25.8,34.4718,34.3495,34.4722
25.9,34.3775,34.256,34.3779
26,34.2842,34.1635,34.2846
26.1,34.1918,34.0718,34.1922
26.2,34.1004,33.9811,34.1008
26.3,34.0098,33.8913,34.0102
26.4,33.9202,33.8024,33.9206
26.5,33.8314,33.7144,33.8318
26.6,33.7435,33.6272,33.7439
26.7,33.6565,33.541,33.6569
26.8,33.5704,33.4556,33.5708
26.9,33.4851,33.371,33.4855
27,33.4007,33.2873,33.4011
27.1,33.3171,33.2044,33.3175
27.2,33.2343,33.1224,33.2347
27.3,33.1524,33.0411,33.1528
27.4,33.0713,32.9607,33.0717
27.5,32.991,32.8811,32.9914
27.6,32.9115,32.8023,32.9118
27.7,32.8328,32.7243,32.8331
27.8,32.7548,32.6471,32.7552
27.9,32.6777,32.5706,32.678
28,32.6013,32.4949,32.6016
28.1,32.5256,32.4199,32.526
28.2,32.4507,32.3457,32.4511
28.3,32.3766,32.2723,32.377
28.4,32.3032,32.1995,32.3036
28.5,32.2305,32.1276,32.2309
28.6,32.1586,32.0563,32.1589
28.7,32.0874,31.9857,32.0877
28.8,32.0168,31.9159,32.0172
28.9,31.947,31.8467,31.9474
29,31.8779,31.7782,31.8782
29.1,31.8095,31.7104,31.8098
29.2,31.7417,31.6433,31.742
29.3,31.6746,31.5769,31.675
29.4,31.6082,31.5111,31.6085
29.5,31.5425,31.446,31.5428
29.6,31.4774,31.3816,31.4777
29.7,31.4129,31.3178,31.4132
29.8,31.3491,31.2546,31.3494
29.9,31.2859,31.192,31.2862
30,31.2234,31.1301,31.2237
30.1,31.1615,31.0688,31.1618
30.2,31.1002,31.0081,31.1005
30.3,31.0395,30.948,31.0398
30.4,30.9794,30.8886,30.9797
30.5,30.9199,30.8297,30.9202
30.6,30.861,30.7714,30.8613
30.7,30.8026,30.7137,30.8029
30.8,30.7449,30.6565,30.7452
30.9,30.6877,30.6,30.688
31,30.6312,30.544,30.6314
31.1,30.5751,30.4885,30.5754
31.2,30.5196,30.4336,30.5199
31.3,30.4647,30.3793,30.465
31.4,30.4103,30.3255,30.4106
31.5,30.3565,30.2723,30.3568
31.6,30.3032,30.2195,30.3035
31.7,30.2504,30.1673,30.2507
31.8,30.1982,30.1157,30.1985
31.9,30.1465,30.0645,30.1468
32,30.0953,30.0139,30.0955
32.1,30.0446,29.9637,30.0448
32.2,29.9944,29.9141,29.9947
32.3,29.9447,29.8649,29.945
32.4,29.8955,29.8163,29.8958
32.5,29.8468,29.7681,29.847
32.6,29.7985,29.7205,29.7988
32.7,29.7508,29.6732,29.7511
32.8,29.7035,29.6265,29.7038
32.9,29.6567,29.5802,29.657
33,29.6104,29.5344,29.6107
33.1,29.5645,29.4891,29.5648
33.2,29.5191,29.4442,29.5194
33.3,29.4741,29.3998,29.4744
33.4,29.4296,29.3558,29.4299
33.5,29.3855,29.3122,29.3858
33.6,29.3419,29.2691,29.3422
33.7,29.2987,29.2264,29.2989
33.8,29.2559,29.1841,29.2562
33.9,29.2136,29.1423,29.2138
34,29.1717,29.1009,29.1719
34.1,29.1302,29.0599,29.1304
34.2,29.0891,29.0193,29.0893
34.3,29.0484,28.9791,29.0486
34.4,29.0081,28.9393,29.0083
34.5,28.9682,28.8999,28.9684
34.6,28.9287,28.8609,28.9289
34.7,28.8896,28.8223,28.8899
34.8,28.8509,28.7841,28.8512
34.9,28.8126,28.7462,28.8128
35,28.7747,28.7088,28.7749
35.1,28.7371,28.6717,28.7373
35.2,28.6999,28.635,28.7001
35.3,28.6631,28.5986,28.6633
35.4,28.6267,28.5626,28.6269
35.5,28.5906,28.527,28.5908
35.6,28.5549,28.4917,28.5551
35.7,28.5195,28.4568,28.5197
35.8,28.4845,28.4222,28.4847
35.9,28.4498,28.388,28.45
36,28.4155,28.3541,28.4157
36.1,28.3815,28.3206,28.3817
36.2,28.3478,28.2874,28.348
36.3,28.3145,28.2545,28.3147
36.4,28.2815,28.222,28.2817
36.5,28.2489,28.1897,28.2491
36.6,28.2166,28.1578,28.2168
36.7,28.1846,28.1263,28.1848
36.8,28.1529,28.095,28.1531
36.9,28.1215,28.0641,28.1217
37,28.0904,28.0334,28.0906
37.1,28.0597,28.0031,28.0599
37.2,28.0292,27.9731,28.0294
37.3,27.9991,27.9433,27.9993
37.4,27.9693,27.9139,27.9694
37.5,27.9397,27.8847,27.9399
37.6,27.9105,27.8559,27.9107
37.7,27.8815,27.8273,27.8817
37.8,27.8528,27.7991,27.853
37.9,27.8245,27.7711,27.8246
38,27.7963,27.7434,27.7965
38.1,27.7685,27.7159,27.7687
38.2,27.741,27.6888,27.7412
38.3,27.7137,27.6619,27.7139
38.4,27.6867,27.6353,27.6869
38.5,27.66,27.6089,27.6601
38.6,27.6335,27.5828,27.6337
38.7,27.6073,27.557,27.6075
38.8,27.5814,27.5314,27.5815
38.9,27.5557,27.5061,27.5558
39,27.5302,27.4811,27.5304
39.1,27.5051,27.4562,27.5052
39.2,27.4801,27.4317,27.4803
39.3,27.4555,27.4074,27.4556
39.4,27.431,27.3833,27.4312
39.5,27.4068,27.3595,27.407
39.6,27.3829,27.3359,27.383
39.7,27.3592,27.3125,27.3593
39.8,27.3357,27.2894,27.3359
39.9,27.3125,27.2665,27.3126
40,27.2895,27.2438,27.2896
40.1,27.2667,27.2214,27.2668
40.2,27.2441,27.1992,27.2443
40.3,27.2218,27.1772,27.2219
40.4,27.1997,27.1554,27.1998
40.5,27.1778,27.1338,27.1779
40.6,27.1561,27.1125,27.1563
40.7,27.1347,27.0914,27.1348
40.8,27.1134,27.0705,27.1136
40.9,27.0924,27.0498,27.0925
41,27.0716,27.0293,27.0717
41.1,27.051,27.009,27.0511
41.2,27.0306,26.9889,27.0307
41.3,27.0104,26.969,27.0105
41.4,26.9904,26.9493,26.9905
41.5,26.9706,26.9298,26.9707
41.6,26.9509,26.9105,26.9511
41.7,26.9315,26.8914,26.9317
41.8,26.9123,26.8725,26.9124
41.9,26.8933,26.8538,26.8934
42,26.8744,26.8352,26.8746
42.1,26.8558,26.8169,26.8559
42.2,26.8373,26.7987,26.8375
42.3,26.819,26.7807,26.8192
42.4,26.8009,26.7629,26.8011
42.5,26.783,26.7453,26.7832
42.6,26.7653,26.7278,26.7654
42.7,26.7477,26.7106,26.7478
42.8,26.7303,26.6935,26.7305
42.9,26.7131,26.6765,26.7132
43,26.6961,26.6598,26.6962
43.1,26.6792,26.6432,26.6793
43.2,26.6625,26.6267,26.6626
43.3,26.6459,26.6105,26.6461
43.4,26.6296,26.5944,26.6297
43.5,26.6134,26.5784,26.6135
43.6,26.5973,26.5626,26.5974
43.7,26.5814,26.547,26.5815
43.8,26.5657,26.5315,26.5658
43.9,26.5501,26.5162,26.5502
44,26.5347,26.5011,26.5348
44.1,26.5194,26.486,26.5195
44.2,26.5043,26.4712,26.5044
44.3,26.4893,26.4565,26.4894
44.4,26.4745,26.4419,26.4746
44.5,26.4598,26.4275,26.4599
44.6,26.4453,26.4132,26.4454
44.7,26.4309,26.3991,26.431
44.8,26.4167,26.3851,26.4168
44.9,26.4026,26.3712,26.4027
45,26.3886,26.3575,26.3887
45.1,26.3748,26.3439,26.3749
45.2,26.3611,26.3305,26.3612
45.3,26.3476,26.3172,26.3477
45.4,26.3342,26.304,26.3343
45.5,26.3209,26.291,26.321
45.6,26.3078,26.2781,26.3079
45.7,26.2947,26.2653,26.2948
45.8,26.2819,26.2526,26.282
45.9,26.2691,26.2401,26.2692
46,26.2565,26.2277,26.2566
46.1,26.244,26.2154,26.2441
46.2,26.2316,26.2033,26.2317
46.3,26.2193,26.1913,26.2194
46.4,26.2072,26.1793,26.2073
46.5,26.1952,26.1676,26.1953
46.6,26.1833,26.1559,26.1834
46.7,26.1715,26.1443,26.1716
46.8,26.1599,26.1329,26.16
46.9,26.1483,26.1215,26.1484
47,26.1369,26.1103,26.137
47.1,26.1256,26.0992,26.1257
47.2,26.1144,26.0882,26.1145
47.3,26.1033,26.0774,26.1034
47.4,26.0923,26.0666,26.0924
47.5,26.0815,26.0559,26.0815
47.6,26.0707,26.0454,26.0708
47.7,26.06,26.0349,26.0601
47.8,26.0495,26.0245,26.0496
47.9,26.0391,26.0143,26.0391
48,26.0287,26.0042,26.0288
48.1,26.0185,25.9941,26.0186
48.2,26.0083,25.9842,26.0084
48.3,25.9983,25.9743,25.9984
48.4,25.9884,25.9646,25.9885
48.5,25.9785,25.9549,25.9786
48.6,25.9688,25.9454,25.9689
48.7,25.9592,25.9359,25.9592
48.8,25.9496,25.9266,25.9497
48.9,25.9402,25.9173,25.9403
49,25.9308,25.9081,25.9309
49.1,25.9216,25.8991,25.9216
49.2,25.9124,25.8901,25.9125
49.3,25.9033,25.8812,25.9034
49.4,25.8943,25.8724,25.8944
49.5,25.8854,25.8636,25.8855
49.6,25.8766,25.855,25.8767
49.7,25.8679,25.8465,25.868
49.8,25.8593,25.838,25.8593
49.9,25.8507,25.8296,25.8508
50,25.8422,25.8213,25.8423
50.1,25.8339,25.8131,25.8339
50.2,25.8256,25.805,25.8256
50.3,25.8174,25.7969,25.8174
50.4,25.8092,25.7889,25.8093
50.5,25.8012,25.7811,25.8012
50.6,25.7932,25.7732,25.7933
50.7,25.7853,25.7655,25.7854
50.8,25.7775,25.7579,25.7776
50.9,25.7698,25.7503,25.7698
51,25.7621,25.7428,25.7622
51.1,25.7545,25.7354,25.7546
51.2,25.747,25.728,25.7471
51.3,25.7396,25.7207,25.7396
51.4,25.7322,25.7135,25.7323
51.5,25.7249,25.7064,25.725
51.6,25.7177,25.6993,25.7178
51.7,25.7106,25.6923,25.7106
51.8,25.7035,25.6854,25.7036
51.9,25.6965,25.6785,25.6966
52,25.6896,25.6718,25.6896
52.1,25.6827,25.665,25.6828
52.2,25.6759,25.6584,25.676
52.3,25.6692,25.6518,25.6692
52.4,25.6625,25.6453,25.6626
52.5,25.6559,25.6388,25.656
52.6,25.6494,25.6324,25.6495
52.7,25.643,25.6261,25.643
52.8,25.6366,25.6199,25.6366
52.9,25.6302,25.6137,25.6303
53,25.6239,25.6075,25.624
53.1,25.6177,25.6014,25.6178
53.2,25.6116,25.5954,25.6116
53.3,25.6055,25.5895,25.6056
53.4,25.5995,25.5836,25.5995
53.5,25.5935,25.5777,25.5936
53.6,25.5876,25.572,25.5877
53.7,25.5818,25.5663,25.5818
53.8,25.576,25.5606,25.576
53.9,25.5702,25.555,25.5703
54,25.5646,25.5494,25.5646
54.1,25.559,25.5439,25.559
54.2,25.5534,25.5385,25.5534
54.3,25.5479,25.5331,25.5479
54.4,25.5424,25.5278,25.5425
54.5,25.537,25.5225,25.5371
54.6,25.5317,25.5173,25.5317
54.7,25.5264,25.5121,25.5265
54.8,25.5212,25.507,25.5212
54.9,25.516,25.5019,25.516
55,25.5108,25.4969,25.5109
55.1,25.5058,25.4919,25.5058
55.2,25.5007,25.487,25.5008
55.3,25.4957,25.4821,25.4958
55.4,25.4908,25.4773,25.4909
55.5,25.4859,25.4725,25.486
55.6,25.4811,25.4678,25.4811
55.7,25.4763,25.4631,25.4764
55.8,25.4716,25.4585,25.4716
55.9,25.4669,25.4539,25.4669
56,25.4622,25.4494,25.4623
56.1,25.4576,25.4449,25.4577
56.2,25.4531,25.4404,25.4531
56.3,25.4486,25.436,25.4486
56.4,25.4441,25.4317,25.4442
56.5,25.4397,25.4274,25.4397
56.6,25.4353,25.4231,25.4354
56.7,25.431,25.4189,25.431
56.8,25.4267,25.4147,25.4267
56.9,25.4224,25.4105,25.4225
57,25.4182,25.4064,25.4183
57.1,25.4141,25.4024,25.4141
57.2,25.41,25.3983,25.41
57.3,25.4059,25.3943,25.4059
57.4,25.4018,25.3904,25.4019
57.5,25.3978,25.3865,25.3979
57.6,25.3939,25.3826,25.3939
57.7,25.39,25.3788,25.39
57.8,25.3861,25.375,25.3861
57.9,25.3822,25.3713,25.3823
58,25.3784,25.3676,25.3785
58.1,25.3747,25.3639,25.3747
58.2,25.371,25.3602,25.371
58.3,25.3673,25.3566,25.3673
58.4,25.3636,25.3531,25.3636
58.5,25.36,25.3495,25.36
58.6,25.3564,25.346,25.3564
58.7,25.3529,25.3426,25.3529
58.8,25.3493,25.3392,25.3494
58.9,25.3459,25.3358,25.3459
59,25.3424,25.3324,25.3425
59.1,25.339,25.3291,25.3391
59.2,25.3357,25.3258,25.3357
59.3,25.3323,25.3225,25.3323
59.4,25.329,25.3193,25.329
59.5,25.3257,25.3161,25.3258
59.6,25.3225,25.313,25.3225
59.7,25.3193,25.3098,25.3193
59.8,25.3161,25.3067,25.3161
59.9,25.313,25.3037,25.313
60,25.3098,25.3006,25.3099
60.1,25.3068,25.2976,25.3068
60.2,25.3037,25.2946,25.3037
60.3,25.3007,25.2917,25.3007
60.4,25.2977,25.2888,25.2977
60.5,25.2947,25.2859,25.2948
60.6,25.2918,25.283,25.2918
60.7,25.2889,25.2802,25.2889
60.8,25.286,25.2774,25.2861
60.9,25.2832,25.2746,25.2832
61,25.2804,25.2719,25.2804
61.1,25.2776,25.2692,25.2776
61.2,25.2748,25.2665,25.2748
61.3,25.2721,25.2638,25.2721
61.4,25.2694,25.2612,25.2694
61.5,25.2667,25.2586,25.2667
61.6,25.264,25.256,25.2641
61.7,25.2614,25.2534,25.2614
61.8,25.2588,25.2509,25.2588
61.9,25.2562,25.2484,25.2563
62,25.2537,25.2459,25.2537
62.1,25.2512,25.2434,25.2512
62.2,25.2487,25.241,25.2487
62.3,25.2462,25.2386,25.2462
62.4,25.2437,25.2362,25.2438
62.5,25.2413,25.2338,25.2413
62.6,25.2389,25.2315,25.2389
62.7,25.2365,25.2292,25.2366
62.8,25.2342,25.2269,25.2342
62.9,25.2318,25.2246,25.2319
63,25.2295,25.2224,25.2296
63.1,25.2273,25.2201,25.2273
63.2,25.225,25.2179,25.225
63.3,25.2228,25.2158,25.2228
63.4,25.2205,25.2136,25.2206
63.5,25.2183,25.2115,25.2184
63.6,25.2162,25.2094,25.2162
63.7,25.214,25.2073,25.214
63.8,25.2119,25.2052,25.2119
63.9,25.2098,25.2031,25.2098
64,25.2077,25.2011,25.2077
64.1,25.2056,25.1991,25.2057
64.2,25.2036,25.1971,25.2036
64.3,25.2016,25.1951,25.2016
64.4,25.1996,25.1932,25.1996
64.5,25.1976,25.1913,25.1976
64.6,25.1956,25.1893,25.1956
64.7,25.1937,25.1874,25.1937
64.8,25.1917,25.1856,25.1917
64.9,25.1898,25.1837,25.1898
65,25.1879,25.1819,25.188
65.1,25.1861,25.1801,25.1861
65.2,25.1842,25.1783,25.1842
65.3,25.1824,25.1765,25.1824
65.4,25.1806,25.1747,25.1806
65.5,25.1788,25.173,25.1788
65.6,25.177,25.1712,25.177
65.7,25.1752,25.1695,25.1752
65.8,25.1735,25.1678,25.1735
65.9,25.1718,25.1662,25.1718
66,25.17,25.1645,25.1701
66.1,25.1684,25.1628,25.1684
66.2,25.1667,25.1612,25.1667
66.3,25.165,25.1596,25.165
66.4,25.1634,25.158,25.1634
66.5,25.1618,25.1564,25.1618
66.6,25.1601,25.1549,25.1602
66.7,25.1585,25.1533,25.1586
66.8,25.157,25.1518,25.157
66.9,25.1554,25.1503,25.1554
67,25.1539,25.1488,25.1539
67.1,25.1523,25.1473,25.1524
67.2,25.1508,25.1458,25.1508
67.3,25.1493,25.1443,25.1493
67.4,25.1478,25.1429,25.1478
67.5,25.1464,25.1415,25.1464
67.6,25.1449,25.1401,25.1449
67.7,25.1435,25.1387,25.1435
67.8,25.142,25.1373,25.1421
67.9,25.1406,25.1359,25.1406
68,25.1392,25.1345,25.1392
68.1,25.1378,25.1332,25.1379
68.2,25.1365,25.1319,25.1365
68.3,25.1351,25.1305,25.1351
68.4,25.1338,25.1292,25.1338
68.5,25.1324,25.1279,25.1324
68.6,25.1311,25.1267,25.1311
68.7,25.1298,25.1254,25.1298
68.8,25.1285,25.1241,25.1285
68.9,25.1272,25.1229,25.1273
69,25.126,25.1217,25.126
69.1,25.1247,25.1205,25.1247
69.2,25.1235,25.1193,25.1235
69.3,25.1223,25.1181,25.1223
69.4,25.121,25.1169,25.121
69.5,25.1198,25.1157,25.1198
69.6,25.1186,25.1146,25.1187
69.7,25.1175,25.1134,25.1175
69.8,25.1163,25.1123,25.1163
69.9,25.1151,25.1112,25.1151
70,25.114,25.11,25.114
70.1,25.1129,25.1089,25.1129
70.2,25.1117,25.1078,25.1117
70.3,25.1106,25.1068,25.1106
70.4,25.1095,25.1057,25.1095
70.5,25.1084,25.1046,25.1084
70.6,25.1073,25.1036,25.1074
70.7,25.1063,25.1026,25.1063
70.8,25.1052,25.1015,25.1052
70.9,25.1042,25.1005,25.1042
71,25.1031,25.0995,25.1032
71.1,25.1021,25.0985,25.1021
71.2,25.1011,25.0975,25.1011
71.3,25.1001,25.0966,25.1001
71.4,25.0991,25.0956,25.0991
71.5,25.0981,25.0946,25.0981
71.6,25.0971,25.0937,25.0971
71.7,25.0962,25.0928,25.0962
71.8,25.0952,25.0918,25.0952
71.9,25.0943,25.0909,25.0943
72,25.0933,25.09,25.0933
72.1,25.0924,25.0891,25.0924
72.2,25.0915,25.0882,25.0915
72.3,25.0906,25.0873,25.0906
72.4,25.0897,25.0865,25.0897
72.5,25.0888,25.0856,25.0888
72.6,25.0879,25.0847,25.0879
72.7,25.087,25.0839,25.087
72.8,25.0861,25.083,25.0862
72.9,25.0853,25.0822,25.0853
73,25.0844,25.0814,25.0845
73.1,25.0836,25.0806,25.0836
73.2,25.0828,25.0798,25.0828
73.3,25.0819,25.079,25.082
73.4,25.0811,25.0782,25.0811
73.5,25.0803,25.0774,25.0803
73.6,25.0795,25.0766,25.0795
73.7,25.0787,25.0759,25.0787
73.8,25.078,25.0751,25.078
73.9,25.0772,25.0744,25.0772
74,25.0764,25.0736,25.0764
74.1,25.0756,25.0729,25.0757
74.2,25.0749,25.0721,25.0749
74.3,25.0741,25.0714,25.0742
74.4,25.0734,25.0707,25.0734
74.5,25.0727,25.07,25.0727
74.6,25.072,25.0693,25.072
74.7,25.0712,25.0686,25.0712
74.8,25.0705,25.0679,25.0705
74.9,25.0698,25.0672,25.0698
75,25.0691,25.0666,25.0691
75.1,25.0684,25.0659,25.0685
75.2,25.0678,25.0652,25.0678
75.3,25.0671,25.0646,25.0671
75.4,25.0664,25.064,25.0664
75.5,25.0658,25.0633,25.0658
75.6,25.0651,25.0627,25.0651
75.7,25.0645,25.0621,25.0645
75.8,25.0638,25.0614,25.0638
75.9,25.0632,25.0608,25.0632
76,25.0626,25.0602,25.0626
76.1,25.0619,25.0596,25.0619
76.2,25.0613,25.059,25.0613
76.3,25.0607,25.0584,25.0607
76.4,25.0601,25.0578,25.0601
76.5,25.0595,25.0573,25.0595
76.6,25.0589,25.0567,25.0589
76.7,25.0583,25.0561,25.0583
76.8,25.0577,25.0556,25.0578
76.9,25.0572,25.055,25.0572
77,25.0566,25.0545,25.0566
77.1,25.056,25.0539,25.056
77.2,25.0555,25.0534,25.0555
77.3,25.0549,25.0528,25.0549
77.4,25.0544,25.0523,25.0544
77.5,25.0538,25.0518,25.0538
77.6,25.0533,25.0513,25.0533
77.7,25.0528,25.0508,25.0528
77.8,25.0523,25.0502,25.0523
77.9,25.0517,25.0497,25.0517
78,25.0512,25.0492,25.0512
78.1,25.0507,25.0488,25.0507
78.2,25.0502,25.0483,25.0502
78.3,25.0497,25.0478,25.0497
78.4,25.0492,25.0473,25.0492
78.5,25.0487,25.0468,25.0487
78.6,25.0482,25.0464,25.0482
78.7,25.0478,25.0459,25.0478
78.8,25.0473,25.0454,25.0473
78.9,25.0468,25.045,25.0468
79,25.0463,25.0445,25.0463
79.1,25.0459,25.0441,25.0459
79.2,25.0454,25.0436,25.0454
79.3,25.045,25.0432,25.045
79.4,25.0445,25.0428,25.0445
79.5,25.0441,25.0424,25.0441
79.6,25.0436,25.0419,25.0436
79.7,25.0432,25.0415,25.0432
79.8,25.0428,25.0411,25.0428
79.9,25.0424,25.0407,25.0424
80,25.0419,25.0403,25.0419
80.1,25.0415,25.0399,25.0415
80.2,25.0411,25.0395,25.0411
80.3,25.0407,25.0391,25.0407
80.4,25.0403,25.0387,25.0403
80.5,25.0399,25.0383,25.0399
80.6,25.0395,25.0379,25.0395
80.7,25.0391,25.0375,25.0391
80.8,25.0387,25.0372,25.0387
80.9,25.0383,25.0368,25.0383
81,25.0379,25.0364,25.0379
81.1,25.0376,25.0361,25.0376
81.2,25.0372,25.0357,25.0372
81.3,25.0368,25.0353,25.0368
81.4,25.0365,25.035,25.0365
81.5,25.0361,25.0346,25.0361
81.6,25.0357,25.0343,25.0357
81.7,25.0354,25.034,25.0354
81.8,25.035,25.0336,25.035
81.9,25.0347,25.0333,25.0347
82,25.0343,25.0329,25.0343
82.1,25.034,25.0326,25.034
82.2,25.0337,25.0323,25.0337
82.3,25.0333,25.032,25.0333
82.4,25.033,25.0316,25.033
82.5,25.0327,25.0313,25.0327
82.6,25.0323,25.031,25.0323
82.7,25.032,25.0307,25.032
82.8,25.0317,25.0304,25.0317
82.9,25.0314,25.0301,25.0314
83,25.0311,25.0298,25.0311
83.1,25.0308,25.0295,25.0308
83.2,25.0304,25.0292,25.0305
83.3,25.0301,25.0289,25.0302
83.4,25.0298,25.0286,25.0299
83.5,25.0295,25.0283,25.0296
83.6,25.0293,25.028,25.0293
83.7,25.029,25.0278,25.029
83.8,25.0287,25.0275,25.0287
83.9,25.0284,25.0272,25.0284
84,25.0281,25.0269,25.0281
84.1,25.0278,25.0267,25.0278
84.2,25.0276,25.0264,25.0276
84.3,25.0273,25.0261,25.0273
84.4,25.027,25.0259,25.027
84.5,25.0267,25.0256,25.0267
84.6,25.0265,25.0254,25.0265
84.7,25.0262,25.0251,25.0262
84.8,25.0259,25.0249,25.026
84.9,25.0257,25.0246,25.0257
85,25.0254,25.0244,25.0254
85.1,25.0252,25.0241,25.0252
85.2,25.0249,25.0239,25.0249
85.3,25.0247,25.0236,25.0247
85.4,25.0244,25.0234,25.0244
85.5,25.0242,25.0232,25.0242
85.6,25.024,25.0229,25.024
85.7,25.0237,25.0227,25.0237
85.8,25.0235,25.0225,25.0235
85.9,25.0232,25.0223,25.0232
86,25.023,25.022,25.023
86.1,25.0228,25.0218,25.0228
86.2,25.0226,25.0216,25.0226
86.3,25.0223,25.0214,25.0223
86.4,25.0221,25.0212,25.0221
86.5,25.0219,25.021,25.0219
86.6,25.0217,25.0207,25.0217
86.7,25.0215,25.0205,25.0215
86.8,25.0212,25.0203,25.0212
86.9,25.021,25.0201,25.021
87,25.0208,25.0199,25.0208
87.1,25.0206,25.0197,25.0206
87.2,25.0204,25.0195,25.0204
87.3,25.0202,25.0193,25.0202
87.4,25.02,25.0191,25.02
87.5,25.0198,25.019,25.0198
87.6,25.0196,25.0188,25.0196
87.7,25.0194,25.0186,25.0194
87.8,25.0192,25.0184,25.0192
87.9,25.019,25.0182,25.019
88,25.0188,25.018,25.0188
88.1,25.0187,25.0178,25.0187
88.2,25.0185,25.0177,25.0185
88.3,25.0183,25.0175,25.0183
88.4,25.0181,25.0173,25.0181
88.5,25.0179,25.0171,25.0179
88.6,25.0177,25.017,25.0177
88.7,25.0176,25.0168,25.0176
88.8,25.0174,25.0166,25.0174
88.9,25.0172,25.0165,25.0172
89,25.017,25.0163,25.0171
89.1,25.0169,25.0161,25.0169
89.2,25.0167,25.016,25.0167
89.3,25.0165,25.0158,25.0165
89.4,25.0164,25.0157,25.0164
89.5,25.0162,25.0155,25.0162
89.6,25.0161,25.0153,25.0161
89.7,25.0159,25.0152,25.0159
89.8,25.0157,25.015,25.0157
89.9,25.0156,25.0149,25.0156
90,25.0154,25.0147,25.0154
90.1,25.0153,25.0146,25.0153
90.2,25.0151,25.0144,25.0151
90.3,25.015,25.0143,25.015
90.4,25.0148,25.0142,25.0148
90.5,25.0147,25.014,25.0147
90.6,25.0145,25.0139,25.0145
90.7,25.0144,25.0137,25.0144
90.8,25.0142,25.0136,25.0142
90.9,25.0141,25.0135,25.0141
91,25.014,25.0133,25.014
91.1,25.0138,25.0132,25.0138
91.2,25.0137,25.0131,25.0137
91.3,25.0135,25.0129,25.0135
91.4,25.0134,25.0128,25.0134
91.5,25.0133,25.0127,25.0133
91.6,25.0131,25.0126,25.0131
91.7,25.013,25.0124,25.013
91.8,25.0129,25.0123,25.0129
91.9,25.0128,25.0122,25.0128
92,25.0126,25.0121,25.0126
92.1,25.0125,25.0119,25.0125
92.2,25.0124,25.0118,25.0124
92.3,25.0123,25.0117,25.0123
92.4,25.0121,25.0116,25.0121
92.5,25.012,25.0115,25.012
92.6,25.0119,25.0114,25.0119
92.7,25.0118,25.0112,25.0118
92.8,25.0117,25.0111,25.0117
92.9,25.0115,25.011,25.0115
93,25.0114,25.0109,25.0114
93.1,25.0113,25.0108,25.0113
93.2,25.0112,25.0107,25.0112
93.3,25.0111,25.0106,25.0111
93.4,25.011,25.0105,25.011
93.5,25.0109,25.0104,25.0109
93.6,25.0108,25.0103,25.0108
93.7,25.0107,25.0102,25.0107
93.8,25.0105,25.0101,25.0106
93.9,25.0104,25.01,25.0104
94,25.0103,25.0099,25.0103
94.1,25.0102,25.0098,25.0102
94.2,25.0101,25.0097,25.0101
94.3,25.01,25.0096,25.01
94.4,25.0099,25.0095,25.0099
94.5,25.0098,25.0094,25.0098
94.6,25.0097,25.0093,25.0097
94.7,25.0096,25.0092,25.0096
94.8,25.0095,25.0091,25.0095
94.9,25.0095,25.009,25.0095
95,25.0094,25.0089,25.0094
95.1,25.0093,25.0088,25.0093
95.2,25.0092,25.0087,25.0092
95.3,25.0091,25.0087,25.0091
95.4,25.009,25.0086,25.009
95.5,25.0089,25.0085,25.0089
95.6,25.0088,25.0084,25.0088
95.7,25.0087,25.0083,25.0087
95.8,25.0086,25.0082,25.0086
95.9,25.0086,25.0081,25.0086
96,25.0085,25.0081,25.0085
96.1,25.0084,25.008,25.0084
96.2,25.0083,25.0079,25.0083
96.3,25.0082,25.0078,25.0082
96.4,25.0081,25.0077,25.0081
96.5,25.0081,25.0077,25.0081
96.6,25.008,25.0076,25.008
96.7,25.0079,25.0075,25.0079
96.8,25.0078,25.0074,25.0078
96.9,25.0077,25.0074,25.0077
97,25.0077,25.0073,25.0077
97.1,25.0076,25.0072,25.0076
97.2,25.0075,25.0072,25.0075
97.3,25.0074,25.0071,25.0074
97.4,25.0074,25.007,25.0074
97.5,25.0073,25.0069,25.0073
97.6,25.0072,25.0069,25.0072
97.7,25.0071,25.0068,25.0071
97.8,25.0071,25.0067,25.0071
97.9,25.007,25.0067,25.007
98,25.0069,25.0066,25.0069
98.1,25.0069,25.0065,25.0069
98.2,25.0068,25.0065,25.0068
98.3,25.0067,25.0064,25.0067
98.4,25.0067,25.0063,25.0067
98.5,25.0066,25.0063,25.0066
98.6,25.0065,25.0062,25.0065
98.7,25.0065,25.0061,25.0065
98.8,25.0064,25.0061,25.0064
98.9,25.0063,25.006,25.0063
99,25.0063,25.006,25.0063
99.1,25.0062,25.0059,25.0062
99.2,25.0061,25.0058,25.0061
99.3,25.0061,25.0058,25.0061
99.4,25.006,25.0057,25.006
99.5,25.006,25.0057,25.006
99.6,25.0059,25.0056,25.0059
99.7,25.0058,25.0056,25.0058
99.8,25.0058,25.0055,25.0058
99.9,25.0057,25.0055,25.0057
